{
    "mae": {
        "train": 8.947966957585548,
        "test": 11.439908406826275
    },
    "mse": {
        "train": 143.20987869831532,
        "test": 225.46052834737898
    },
    "rmse": {
        "train": 11.967032994786775,
        "test": 15.01534309789087
    }
}
